"threshold,raw_data_min_array",,,,,,,,,,,,,,,,,
650,650,650,650,650,650,650,650,650,650,650,650,650,650,650,650,650,650
650,650,650,650,650,650,650,650,650,650,650,650,650,650,650,650,650,650
650,650,650,650,650,650,650,650,650,650,650,650,650,650,650,650,650,650
650,650,650,650,650,650,650,650,650,650,650,650,650,650,650,650,650,650
650,650,650,650,650,650,650,650,650,650,650,650,650,650,650,650,650,650
650,650,650,650,650,650,650,650,650,650,650,650,650,650,650,650,650,650
650,650,650,650,650,650,650,650,650,650,650,650,650,650,650,650,650,650
650,650,650,650,650,650,650,650,650,650,650,650,650,650,650,650,650,650
650,650,650,650,650,650,650,650,650,650,650,650,650,650,650,650,650,650
650,650,650,650,650,650,650,650,650,650,650,650,650,650,650,650,650,650
650,650,650,650,650,650,650,650,650,650,650,650,650,650,650,650,650,650
650,650,650,650,650,650,650,650,650,650,650,650,650,650,650,650,650,650
650,650,650,650,650,650,650,650,650,650,650,650,650,650,650,650,650,650
650,650,650,650,650,650,650,650,650,650,650,650,650,650,650,650,650,650
650,650,650,650,650,650,650,650,650,650,650,650,650,650,650,650,650,650
650,650,650,650,650,650,650,650,650,650,650,650,650,650,650,650,650,650
650,650,650,650,650,650,650,650,650,650,650,650,650,650,650,650,650,650
650,650,650,650,650,650,650,650,650,650,650,650,650,650,650,650,650,650
650,650,650,650,650,650,650,650,650,650,650,650,650,650,650,650,650,650
650,650,650,650,650,650,650,650,650,650,650,650,650,650,650,650,650,650
650,650,650,650,650,650,650,650,650,650,650,650,650,650,650,650,650,650
650,650,650,650,650,650,650,650,650,650,650,650,650,650,650,650,650,650
650,650,650,650,650,650,650,650,650,650,650,650,650,650,650,650,650,650
650,650,650,650,650,650,650,650,650,650,650,650,650,650,650,650,650,650
650,650,650,650,650,650,650,650,650,650,650,650,650,650,650,650,650,650
650,650,650,650,650,650,650,650,650,650,650,650,650,650,650,650,650,650
650,650,650,650,650,650,650,650,650,650,650,650,650,650,650,650,650,650
650,650,650,650,650,650,650,650,650,650,650,650,650,650,650,650,650,650
650,650,650,650,650,650,650,650,650,650,650,650,650,650,650,650,650,650
650,650,650,650,650,650,650,650,650,650,650,650,650,650,650,650,650,650
650,650,650,650,650,650,650,650,650,650,650,650,650,650,650,650,650,650
650,650,650,650,650,650,650,650,650,650,650,650,650,650,650,650,650,650
"threshold,raw_data_max_array",,,,,,,,,,,,,,,,,
1350,1350,1350,1350,1350,1350,1350,1350,1350,1350,1350,1350,1350,1350,1350,1350,1350,1350
1350,1350,1350,1350,1350,1350,1350,1350,1350,1350,1350,1350,1350,1350,1350,1350,1350,1350
1350,1350,1350,1350,1350,1350,1350,1350,1350,1350,1350,1350,1350,1350,1350,1350,1350,1350
1350,1350,1350,1350,1350,1350,1350,1350,1350,1350,1350,1350,1350,1350,1350,1350,1350,1350
1350,1350,1350,1350,1350,1350,1350,1350,1350,1350,1350,1350,1350,1350,1350,1350,1350,1350
1350,1350,1350,1350,1350,1350,1350,1350,1350,1350,1350,1350,1350,1350,1350,1350,1350,1350
1350,1350,1350,1350,1350,1350,1350,1350,1350,1350,1350,1350,1350,1350,1350,1350,1350,1350
1350,1350,1350,1350,1350,1350,1350,1350,1350,1350,1350,1350,1350,1350,1350,1350,1350,1350
1350,1350,1350,1350,1350,1350,1350,1350,1350,1350,1350,1350,1350,1350,1350,1350,1350,1350
1350,1350,1350,1350,1350,1350,1350,1350,1350,1350,1350,1350,1350,1350,1350,1350,1350,1350
1350,1350,1350,1350,1350,1350,1350,1350,1350,1350,1350,1350,1350,1350,1350,1350,1350,1350
1350,1350,1350,1350,1350,1350,1350,1350,1350,1350,1350,1350,1350,1350,1350,1350,1350,1350
1350,1350,1350,1350,1350,1350,1350,1350,1350,1350,1350,1350,1350,1350,1350,1350,1350,1350
1350,1350,1350,1350,1350,1350,1350,1350,1350,1350,1350,1350,1350,1350,1350,1350,1350,1350
1350,1350,1350,1350,1350,1350,1350,1350,1350,1350,1350,1350,1350,1350,1350,1350,1350,1350
1350,1350,1350,1350,1350,1350,1350,1350,1350,1350,1350,1350,1350,1350,1350,1350,1350,1350
1350,1350,1350,1350,1350,1350,1350,1350,1350,1350,1350,1350,1350,1350,1350,1350,1350,1350
1350,1350,1350,1350,1350,1350,1350,1350,1350,1350,1350,1350,1350,1350,1350,1350,1350,1350
1350,1350,1350,1350,1350,1350,1350,1350,1350,1350,1350,1350,1350,1350,1350,1350,1350,1350
1350,1350,1350,1350,1350,1350,1350,1350,1350,1350,1350,1350,1350,1350,1350,1350,1350,1350
1350,1350,1350,1350,1350,1350,1350,1350,1350,1350,1350,1350,1350,1350,1350,1350,1350,1350
1350,1350,1350,1350,1350,1350,1350,1350,1350,1350,1350,1350,1350,1350,1350,1350,1350,1350
1350,1350,1350,1350,1350,1350,1350,1350,1350,1350,1350,1350,1350,1350,1350,1350,1350,1350
1350,1350,1350,1350,1350,1350,1350,1350,1350,1350,1350,1350,1350,1350,1350,1350,1350,1350
1350,1350,1350,1350,1350,1350,1350,1350,1350,1350,1350,1350,1350,1350,1350,1350,1350,1350
1350,1350,1350,1350,1350,1350,1350,1350,1350,1350,1350,1350,1350,1350,1350,1350,1350,1350
1350,1350,1350,1350,1350,1350,1350,1350,1350,1350,1350,1350,1350,1350,1350,1350,1350,1350
1350,1350,1350,1350,1350,1350,1350,1350,1350,1350,1350,1350,1350,1350,1350,1350,1350,1350
1350,1350,1350,1350,1350,1350,1350,1350,1350,1350,1350,1350,1350,1350,1350,1350,1350,1350
1350,1350,1350,1350,1350,1350,1350,1350,1350,1350,1350,1350,1350,1350,1350,1350,1350,1350
1350,1350,1350,1350,1350,1350,1350,1350,1350,1350,1350,1350,1350,1350,1350,1350,1350,1350
1350,1350,1350,1350,1350,1350,1350,1350,1350,1350,1350,1350,1350,1350,1350,1350,1350,1350
"threshold,lcd_noise_max_array",,,,,,,,,,,,,,,,,
80,80,80,80,80,80,80,80,80,80,80,80,80,80,80,80,80,80
80,80,80,80,80,80,80,80,80,80,80,80,80,80,80,80,80,80
80,80,80,80,80,80,80,80,80,80,80,80,80,80,80,80,80,80
80,80,80,80,80,80,80,80,80,80,80,80,80,80,80,80,80,80
80,80,80,80,80,80,80,80,80,80,80,80,80,80,80,80,80,80
80,80,80,80,80,80,80,80,80,80,80,80,80,80,80,80,80,80
80,80,80,80,80,80,80,80,80,80,80,80,80,80,80,80,80,80
80,80,80,80,80,80,80,80,80,80,80,80,80,80,80,80,80,80
80,80,80,80,80,80,80,80,80,80,80,80,80,80,80,80,80,80
80,80,80,80,80,80,80,80,80,80,80,80,80,80,80,80,80,80
80,80,80,80,80,80,80,80,80,80,80,80,80,80,80,80,80,80
80,80,80,80,80,80,80,80,80,80,80,80,80,80,80,80,80,80
80,80,80,80,80,80,80,80,80,80,80,80,80,80,80,80,80,80
80,80,80,80,80,80,80,80,80,80,80,80,80,80,80,80,80,80
80,80,80,80,80,80,80,80,80,80,80,80,80,80,80,80,80,80
80,80,80,80,80,80,80,80,80,80,80,80,80,80,80,80,80,80
80,80,80,80,80,80,80,80,80,80,80,80,80,80,80,80,80,80
80,80,80,80,80,80,80,80,80,80,80,80,80,80,80,80,80,80
80,80,80,80,80,80,80,80,80,80,80,80,80,80,80,80,80,80
80,80,80,80,80,80,80,80,80,80,80,80,80,80,80,80,80,80
80,80,80,80,80,80,80,80,80,80,80,80,80,80,80,80,80,80
80,80,80,80,80,80,80,80,80,80,80,80,80,80,80,80,80,80
80,80,80,80,80,80,80,80,80,80,80,80,80,80,80,80,80,80
80,80,80,80,80,80,80,80,80,80,80,80,80,80,80,80,80,80
80,80,80,80,80,80,80,80,80,80,80,80,80,80,80,80,80,80
80,80,80,80,80,80,80,80,80,80,80,80,80,80,80,80,80,80
80,80,80,80,80,80,80,80,80,80,80,80,80,80,80,80,80,80
80,80,80,80,80,80,80,80,80,80,80,80,80,80,80,80,80,80
80,80,80,80,80,80,80,80,80,80,80,80,80,80,80,80,80,80
80,80,80,80,80,80,80,80,80,80,80,80,80,80,80,80,80,80
80,80,80,80,80,80,80,80,80,80,80,80,80,80,80,80,80,80
80,80,80,80,80,80,80,80,80,80,80,80,80,80,80,80,80,80
"threshold,pt17_max_array",,,,,,,,,,,,,,,,,
6500,6500,6500,6500,6500,6500,6500,6500,6500,6500,6500,6500,6500,6500,6500,6500,6500,6500
6500,6500,6500,6500,6500,6500,6500,6500,6500,6500,6500,6500,6500,6500,6500,6500,6500,6500
6500,6500,6500,6500,6500,6500,6500,6500,6500,6500,6500,6500,6500,6500,6500,6500,6500,6500
6500,6500,6500,6500,6500,6500,6500,6500,6500,6500,6500,6500,6500,6500,6500,6500,6500,6500
6500,6500,6500,6500,6500,6500,6500,6500,6500,6500,6500,6500,6500,6500,6500,6500,6500,6500
6500,6500,6500,6500,6500,6500,6500,6500,6500,6500,6500,6500,6500,6500,6500,6500,6500,6500
6500,6500,6500,6500,6500,6500,6500,6500,6500,6500,6500,6500,6500,6500,6500,6500,6500,6500
6500,6500,6500,6500,6500,6500,6500,6500,6500,6500,6500,6500,6500,6500,6500,6500,6500,6500
6500,6500,6500,6500,6500,6500,6500,6500,6500,6500,6500,6500,6500,6500,6500,6500,6500,6500
6500,6500,6500,6500,6500,6500,6500,6500,6500,6500,6500,6500,6500,6500,6500,6500,6500,6500
6500,6500,6500,6500,6500,6500,6500,6500,6500,6500,6500,6500,6500,6500,6500,6500,6500,6500
6500,6500,6500,6500,6500,6500,6500,6500,6500,6500,6500,6500,6500,6500,6500,6500,6500,6500
6500,6500,6500,6500,6500,6500,6500,6500,6500,6500,6500,6500,6500,6500,6500,6500,6500,6500
6500,6500,6500,6500,6500,6500,6500,6500,6500,6500,6500,6500,6500,6500,6500,6500,6500,6500
6500,6500,6500,6500,6500,6500,6500,6500,6500,6500,6500,6500,6500,6500,6500,6500,6500,6500
6500,6500,6500,6500,6500,6500,6500,6500,6500,6500,6500,6500,6500,6500,6500,6500,6500,6500
6500,6500,6500,6500,6500,6500,6500,6500,6500,6500,6500,6500,6500,6500,6500,6500,6500,6500
6500,6500,6500,6500,6500,6500,6500,6500,6500,6500,6500,6500,6500,6500,6500,6500,6500,6500
6500,6500,6500,6500,6500,6500,6500,6500,6500,6500,6500,6500,6500,6500,6500,6500,6500,6500
6500,6500,6500,6500,6500,6500,6500,6500,6500,6500,6500,6500,6500,6500,6500,6500,6500,6500
6500,6500,6500,6500,6500,6500,6500,6500,6500,6500,6500,6500,6500,6500,6500,6500,6500,6500
6500,6500,6500,6500,6500,6500,6500,6500,6500,6500,6500,6500,6500,6500,6500,6500,6500,6500
6500,6500,6500,6500,6500,6500,6500,6500,6500,6500,6500,6500,6500,6500,6500,6500,6500,6500
6500,6500,6500,6500,6500,6500,6500,6500,6500,6500,6500,6500,6500,6500,6500,6500,6500,6500
6500,6500,6500,6500,6500,6500,6500,6500,6500,6500,6500,6500,6500,6500,6500,6500,6500,6500
6500,6500,6500,6500,6500,6500,6500,6500,6500,6500,6500,6500,6500,6500,6500,6500,6500,6500
6500,6500,6500,6500,6500,6500,6500,6500,6500,6500,6500,6500,6500,6500,6500,6500,6500,6500
6500,6500,6500,6500,6500,6500,6500,6500,6500,6500,6500,6500,6500,6500,6500,6500,6500,6500
6500,6500,6500,6500,6500,6500,6500,6500,6500,6500,6500,6500,6500,6500,6500,6500,6500,6500
6500,6500,6500,6500,6500,6500,6500,6500,6500,6500,6500,6500,6500,6500,6500,6500,6500,6500
6500,6500,6500,6500,6500,6500,6500,6500,6500,6500,6500,6500,6500,6500,6500,6500,6500,6500
6500,6500,6500,6500,6500,6500,6500,6500,6500,6500,6500,6500,6500,6500,6500,6500,6500,6500
"threshold,pt18_min_array",,,,,,,,,,,,,,,,,
6000,6000,6000,6000,6000,6000,6000,6000,6000,6000,6000,6000,6000,6000,6000,6000,6000,6000
6000,6000,6000,6000,6000,6000,6000,6000,6000,6000,6000,6000,6000,6000,6000,6000,6000,6000
6000,6000,6000,6000,6000,6000,6000,6000,6000,6000,6000,6000,6000,6000,6000,6000,6000,6000
6000,6000,6000,6000,6000,6000,6000,6000,6000,6000,6000,6000,6000,6000,6000,6000,6000,6000
6000,6000,6000,6000,6000,6000,6000,6000,6000,6000,6000,6000,6000,6000,6000,6000,6000,6000
6000,6000,6000,6000,6000,6000,6000,6000,6000,6000,6000,6000,6000,6000,6000,6000,6000,6000
6000,6000,6000,6000,6000,6000,6000,6000,6000,6000,6000,6000,6000,6000,6000,6000,6000,6000
6000,6000,6000,6000,6000,6000,6000,6000,6000,6000,6000,6000,6000,6000,6000,6000,6000,6000
6000,6000,6000,6000,6000,6000,6000,6000,6000,6000,6000,6000,6000,6000,6000,6000,6000,6000
6000,6000,6000,6000,6000,6000,6000,6000,6000,6000,6000,6000,6000,6000,6000,6000,6000,6000
6000,6000,6000,6000,6000,6000,6000,6000,6000,6000,6000,6000,6000,6000,6000,6000,6000,6000
6000,6000,6000,6000,6000,6000,6000,6000,6000,6000,6000,6000,6000,6000,6000,6000,6000,6000
6000,6000,6000,6000,6000,6000,6000,6000,6000,6000,6000,6000,6000,6000,6000,6000,6000,6000
6000,6000,6000,6000,6000,6000,6000,6000,6000,6000,6000,6000,6000,6000,6000,6000,6000,6000
6000,6000,6000,6000,6000,6000,6000,6000,6000,6000,6000,6000,6000,6000,6000,6000,6000,6000
6000,6000,6000,6000,6000,6000,6000,6000,6000,6000,6000,6000,6000,6000,6000,6000,6000,6000
6000,6000,6000,6000,6000,6000,6000,6000,6000,6000,6000,6000,6000,6000,6000,6000,6000,6000
6000,6000,6000,6000,6000,6000,6000,6000,6000,6000,6000,6000,6000,6000,6000,6000,6000,6000
6000,6000,6000,6000,6000,6000,6000,6000,6000,6000,6000,6000,6000,6000,6000,6000,6000,6000
6000,6000,6000,6000,6000,6000,6000,6000,6000,6000,6000,6000,6000,6000,6000,6000,6000,6000
6000,6000,6000,6000,6000,6000,6000,6000,6000,6000,6000,6000,6000,6000,6000,6000,6000,6000
6000,6000,6000,6000,6000,6000,6000,6000,6000,6000,6000,6000,6000,6000,6000,6000,6000,6000
6000,6000,6000,6000,6000,6000,6000,6000,6000,6000,6000,6000,6000,6000,6000,6000,6000,6000
6000,6000,6000,6000,6000,6000,6000,6000,6000,6000,6000,6000,6000,6000,6000,6000,6000,6000
6000,6000,6000,6000,6000,6000,6000,6000,6000,6000,6000,6000,6000,6000,6000,6000,6000,6000
6000,6000,6000,6000,6000,6000,6000,6000,6000,6000,6000,6000,6000,6000,6000,6000,6000,6000
6000,6000,6000,6000,6000,6000,6000,6000,6000,6000,6000,6000,6000,6000,6000,6000,6000,6000
6000,6000,6000,6000,6000,6000,6000,6000,6000,6000,6000,6000,6000,6000,6000,6000,6000,6000
6000,6000,6000,6000,6000,6000,6000,6000,6000,6000,6000,6000,6000,6000,6000,6000,6000,6000
6000,6000,6000,6000,6000,6000,6000,6000,6000,6000,6000,6000,6000,6000,6000,6000,6000,6000
6000,6000,6000,6000,6000,6000,6000,6000,6000,6000,6000,6000,6000,6000,6000,6000,6000,6000
6000,6000,6000,6000,6000,6000,6000,6000,6000,6000,6000,6000,6000,6000,6000,6000,6000,6000
"threshold,pt18_max_array",,,,,,,,,,,,,,,,,
15000,15000,15000,15000,15000,15000,15000,15000,15000,15000,15000,15000,15000,15000,15000,15000,15000,15000
15000,15000,15000,15000,15000,15000,15000,15000,15000,15000,15000,15000,15000,15000,15000,15000,15000,15000
15000,15000,15000,15000,15000,15000,15000,15000,15000,15000,15000,15000,15000,15000,15000,15000,15000,15000
15000,15000,15000,15000,15000,15000,15000,15000,15000,15000,15000,15000,15000,15000,15000,15000,15000,15000
15000,15000,15000,15000,15000,15000,15000,15000,15000,15000,15000,15000,15000,15000,15000,15000,15000,15000
15000,15000,15000,15000,15000,15000,15000,15000,15000,15000,15000,15000,15000,15000,15000,15000,15000,15000
15000,15000,15000,15000,15000,15000,15000,15000,15000,15000,15000,15000,15000,15000,15000,15000,15000,15000
15000,15000,15000,15000,15000,15000,15000,15000,15000,15000,15000,15000,15000,15000,15000,15000,15000,15000
15000,15000,15000,15000,15000,15000,15000,15000,15000,15000,15000,15000,15000,15000,15000,15000,15000,15000
15000,15000,15000,15000,15000,15000,15000,15000,15000,15000,15000,15000,15000,15000,15000,15000,15000,15000
15000,15000,15000,15000,15000,15000,15000,15000,15000,15000,15000,15000,15000,15000,15000,15000,15000,15000
15000,15000,15000,15000,15000,15000,15000,15000,15000,15000,15000,15000,15000,15000,15000,15000,15000,15000
15000,15000,15000,15000,15000,15000,15000,15000,15000,15000,15000,15000,15000,15000,15000,15000,15000,15000
15000,15000,15000,15000,15000,15000,15000,15000,15000,15000,15000,15000,15000,15000,15000,15000,15000,15000
15000,15000,15000,15000,15000,15000,15000,15000,15000,15000,15000,15000,15000,15000,15000,15000,15000,15000
15000,15000,15000,15000,15000,15000,15000,15000,15000,15000,15000,15000,15000,15000,15000,15000,15000,15000
15000,15000,15000,15000,15000,15000,15000,15000,15000,15000,15000,15000,15000,15000,15000,15000,15000,15000
15000,15000,15000,15000,15000,15000,15000,15000,15000,15000,15000,15000,15000,15000,15000,15000,15000,15000
15000,15000,15000,15000,15000,15000,15000,15000,15000,15000,15000,15000,15000,15000,15000,15000,15000,15000
15000,15000,15000,15000,15000,15000,15000,15000,15000,15000,15000,15000,15000,15000,15000,15000,15000,15000
15000,15000,15000,15000,15000,15000,15000,15000,15000,15000,15000,15000,15000,15000,15000,15000,15000,15000
15000,15000,15000,15000,15000,15000,15000,15000,15000,15000,15000,15000,15000,15000,15000,15000,15000,15000
15000,15000,15000,15000,15000,15000,15000,15000,15000,15000,15000,15000,15000,15000,15000,15000,15000,15000
15000,15000,15000,15000,15000,15000,15000,15000,15000,15000,15000,15000,15000,15000,15000,15000,15000,15000
15000,15000,15000,15000,15000,15000,15000,15000,15000,15000,15000,15000,15000,15000,15000,15000,15000,15000
15000,15000,15000,15000,15000,15000,15000,15000,15000,15000,15000,15000,15000,15000,15000,15000,15000,15000
15000,15000,15000,15000,15000,15000,15000,15000,15000,15000,15000,15000,15000,15000,15000,15000,15000,15000
15000,15000,15000,15000,15000,15000,15000,15000,15000,15000,15000,15000,15000,15000,15000,15000,15000,15000
15000,15000,15000,15000,15000,15000,15000,15000,15000,15000,15000,15000,15000,15000,15000,15000,15000,15000
15000,15000,15000,15000,15000,15000,15000,15000,15000,15000,15000,15000,15000,15000,15000,15000,15000,15000
15000,15000,15000,15000,15000,15000,15000,15000,15000,15000,15000,15000,15000,15000,15000,15000,15000,15000
15000,15000,15000,15000,15000,15000,15000,15000,15000,15000,15000,15000,15000,15000,15000,15000,15000,15000
